{"cameraMode":{"drawMode":0,"name":"Shaded","section":"Shading Mode"},"sceneLighting":false,"audioPlay":false,"sceneViewState":{"showFog":true,"showMaterialUpdate":false,"showSkybox":false,"showFlares":true,"showImageEffects":true,"showParticleSystems":true},"in2DMode":false,"pivot":{"x":1.1920928955078126e-7,"y":0.0,"z":-2.2351741790771485e-7},"rotation":{"x":0.2004912942647934,"y":-0.01910269260406494,"z":0.00391011405736208,"w":0.9795024991035461},"size":1.2247449159622193,"orthographic":true}